<xml><item name="Store2/index.php" version="2.17beta" mtime="2017-05-10" md5="940b0bda54a8e3fe6ebb2b775e767bb2"/><item name="Store2/movements.php" version="2.8beta" mtime="2016-08-06" md5="6b6c3e468f259b8b7e658b98914d6dcf"/><item name="aboutconfig/store/columnsettings.php" version="2.3beta" mtime="2017-04-30" md5="555d1966d980a806152d70085522c0df"/><item name="gsh/store.php" version="2.28beta" mtime="2016-11-29" md5="5ee30e6bc78c8fca5db10057c7c1e2bf"/><item name="etc/excel_parsers/resetstoreqty.php" version="2.0beta" mtime="2016-09-07" md5="f53e89f0ad58269715ef0d7f5e0a8526"/><item name="aboutconfig/store/index.php" version="2.4beta" mtime="2017-04-30" md5="f5a66b9c197f937313170369f47f4df9"/><item name="share/widgets/gstore/manual.download.php" version="2.9beta" mtime="2016-12-05" md5="bee0e277bff9fd4bcf0a6ef9931db775"/><item name="share/widgets/gstore/manual.upload.php" version="2.9beta" mtime="2016-12-05" md5="cce61c0a864a263ea1f8aac869146915"/><item name="storeservice.php" version="2.0beta" mtime="2017-03-18" md5="658a0946b09e6fbce90bedfb41daa9bc"/></xml>