<xml><item name="accounts/ChangePassword.php" version="2.1beta" mtime="2016-10-24" md5="dcff3a356b2de6f86d37c7b3dbeeec14"/><item name="accounts/Login.php" version="2.1beta" mtime="2016-11-13" md5="8b0fc8141b3e4bd0764b12efa3bd5772"/><item name="accounts/LoginAuth.php" version="2.6beta" mtime="2016-10-24" md5="5ff4af0035a0b3def71649b4fd3db355"/><item name="etc/passwd_httprequest.php" version="2.1beta" mtime="2016-10-24" md5="5000b7cb837b2021fee5ea7993a59959"/><item name="gsh/groupadd.php" version="2.1beta" mtime="2016-10-24" md5="f4a2325d57de01d9ffcfb183237eb2bd"/><item name="gsh/useradd.php" version="2.6beta" mtime="2016-10-24" md5="3188c4fc425a17b08c480ec0962ac27b"/><item name="include/forms/login.php" version="2.4beta" mtime="2017-02-17" md5="b6f8ed4374802cd289b8bcbcd2476740"/><item name="include/userfunc.php" version="2.9beta" mtime="2017-06-05" md5="888d0e1be2dedd045ac8832e15c9b2f4"/></xml>