<xml><item name="etc/dynarc/archives.php" version="2.19beta" mtime="2017-05-23" md5="d3625abd6cc604ba9691c83920feb89c"/><item name="etc/dynarc/categories.php" version="2.24beta" mtime="2017-05-23" md5="24e9237ca5761befed421d9cb331a176"/><item name="etc/dynarc/importexport.php" version="2.9beta" mtime="2017-05-15" md5="e3be812714a9f01ce84b8b5d765c7a9a"/><item name="etc/dynarc/index.php" version="" mtime="2012-01-14" md5="740fa1c1c103e708fc8c96ebbad20953"/><item name="etc/dynarc/items.php" version="2.30beta" mtime="2017-05-23" md5="9e47dc36f2cc819221cf7ce3f0ccb254"/><item name="etc/dynarc/otherfuncs.php" version="2.26beta" mtime="2017-05-15" md5="f6f35404508b452ade92affb9f3101de"/><item name="etc/dynarc/searchengine.php" version="2.0beta" mtime="2013-04-19" md5="08dd93923d2223acdad9ee4fa9d4c3fd"/><item name="etc/dynarc/sync.php" version="2.4beta" mtime="2016-10-24" md5="13cca877b278e63255971b0f34275af1"/><item name="etc/dynarc/archive_funcs/index.php" version="" mtime="2012-01-14" md5="a873875ee5a0546ca91a0242b45c3c86"/><item name="etc/dynarc/compilers/index.php" version="" mtime="2012-01-14" md5="a873875ee5a0546ca91a0242b45c3c86"/><item name="etc/dynarc/extensions/index.php" version="" mtime="2012-01-14" md5="a873875ee5a0546ca91a0242b45c3c86"/><item name="etc/dynarc/interfaces/index.php" version="" mtime="2012-01-14" md5="a873875ee5a0546ca91a0242b45c3c86"/><item name="etc/dynarc/plugins/index.php" version="" mtime="2012-01-14" md5="a873875ee5a0546ca91a0242b45c3c86"/><item name="gsh/dynarc.php" version="2.22beta" mtime="2017-05-14" md5="ee075c43c3b7ddd9b63b5a6d0d287a6d"/><item name="gsh/search.php" version="1.0beta" mtime="2012-11-03" md5="cdf078b496eb0316896912b43b56bd19"/></xml>