<xml><item name="var/layers/applicationmenu/applicationmenu.css" version="" mtime="2015-03-07" md5="0e4515340b6088f4f4b1cb66c95a3d64"/><item name="var/layers/applicationmenu/index.php" version="2.1beta" mtime="2017-04-15" md5="8d352cdb3f937cdf92e8ce2781974714"/><item name="var/templates/gnujiko/index.php" version="2.8beta" mtime="2017-11-20" md5="2e5ac20b958764d730ea50b2edad7695"/><item name="var/templates/gnujiko/template.css" version="" mtime="2017-12-25" md5="1a5831c65ac8dd88086c1ec63f96f3a5"/><item name="var/templates/gnujiko/template.js" version="2.12beta" mtime="2018-01-28" md5="5bc1e4ec1c5d51b0cca61e66f15c47d3"/><item name="var/templates/gnujiko/buttons/abort-red.png" version="" mtime="2015-03-07" md5="b7f872ef9e83cf35d6c89554e50c3be0"/><item name="var/templates/gnujiko/buttons/add-white.png" version="" mtime="2014-05-02" md5="713b1e99f7da0bd00ef9d715e23d30c4"/><item name="var/templates/gnujiko/buttons/button-alarm-clock.png" version="" mtime="2016-02-17" md5="c2bd6ebe3e637a6f3cddb3e7bf34f4c5"/><item name="var/templates/gnujiko/buttons/button-attachment.png" version="" mtime="2016-02-17" md5="9dbb45a1a290ae500680a0bce52f4d0a"/><item name="var/templates/gnujiko/buttons/button-clock.png" version="" mtime="2016-02-17" md5="8b5325e07404130e0fb44b9f6511016b"/><item name="var/templates/gnujiko/buttons/button-edit.png" version="" mtime="2016-02-17" md5="8249d2d8d89cadfa9397c11b0a85bff7"/><item name="var/templates/gnujiko/buttons/button-email-reply.png" version="" mtime="2016-02-18" md5="62f0a758f2e4d0c7a947b29f5d317689"/><item name="var/templates/gnujiko/buttons/button-trash.png" version="" mtime="2016-02-17" md5="863cada5c341628aac336132e3aeac73"/><item name="var/templates/gnujiko/buttons/calendar.png" version="" mtime="2014-01-04" md5="028013cdd13082e9343fa3ea30e8f0de"/><item name="var/templates/gnujiko/buttons/contact.png" version="" mtime="2014-01-04" md5="372f7ca9c363b10fa474367993915969"/><item name="var/templates/gnujiko/buttons/euro.png" version="" mtime="2015-02-12" md5="c8854149951773119f2e2f7209cb7e6c"/><item name="var/templates/gnujiko/buttons/exit.png" version="" mtime="2006-08-06" md5="1db72b7485a7dc6a04c4fb229271eb81"/><item name="var/templates/gnujiko/buttons/file.png" version="" mtime="2014-01-13" md5="2802b9c8d6769acb76e5d47fd912b5a1"/><item name="var/templates/gnujiko/buttons/folder.png" version="" mtime="2014-01-04" md5="0141afbbecb7f7bd785ab3f92bd90bcb"/><item name="var/templates/gnujiko/buttons/homeicon.png" version="" mtime="2015-02-06" md5="ba26fb21967e0e70601730a0208a5493"/><item name="var/templates/gnujiko/buttons/search.png" version="" mtime="2014-01-31" md5="2913ea70f73fae71d5701d5eb0b5c980"/><item name="var/templates/gnujiko/buttons/tag.png" version="" mtime="2014-05-02" md5="520b1d6428ae8dd2bd2cf61b42942bf5"/><item name="var/templates/gnujiko/buttons/trash-white.png" version="" mtime="2010-02-04" md5="8d2b1e6651915016f724acb40af2d5f5"/><item name="var/templates/gnujiko/buttons/unlock.png" version="" mtime="2014-09-26" md5="978870878eb798147a328a6c756dd846"/><item name="var/templates/gnujiko/buttons/upload.png" version="" mtime="2014-01-13" md5="0093eeb41f7b48add77eeb89b7677575"/><item name="var/templates/gnujiko/buttons/vehicle.png" version="" mtime="2014-03-15" md5="f654a54e67508973f31ca0c32cf0903f"/><item name="var/templates/gnujiko/icons/dropdown-black.png" version="" mtime="2015-01-22" md5="1ce5d4420cb6f0b9651786be321dd0c5"/><item name="var/templates/gnujiko/icons/dropdown-gray.png" version="" mtime="2015-01-22" md5="022ed6c6412ab0cf8923cf7e3ea2d4c8"/><item name="var/templates/gnujiko/icons/dropright-black.png" version="" mtime="2015-01-23" md5="8e3a8dc29a7da297349384d3b3c0e246"/><item name="var/templates/gnujiko/icons/dropright-gray.png" version="" mtime="2015-01-23" md5="6d24e8f7212f140f7dbc934ef26e3641"/><item name="var/templates/gnujiko/icons/euro.png" version="" mtime="2015-02-12" md5="993d4701cd647917682c79953d007d4c"/><item name="var/templates/gnujiko/icons/trash-black.png" version="" mtime="2015-01-22" md5="8b15182d7cb0926992edcef2a22bcea6"/><item name="var/templates/gnujiko/icons/trash-gray.png" version="" mtime="2015-01-22" md5="2b48938509dd5fcf6865f242c366f1e7"/><item name="var/templates/gnujiko/icons/upload-black.png" version="" mtime="2015-12-01" md5="1983ab53b9aa91971ff1ca51c4429957"/><item name="var/templates/gnujiko/icons/upload-gray.png" version="" mtime="2015-12-01" md5="6176ba8b1f9787cfb1ed7ac6d5a89d4a"/><item name="var/templates/gnujiko/img/appmenu.png" version="" mtime="2016-02-08" md5="923b3a03d7eb2c9e64d58efe3dadf677"/><item name="var/templates/gnujiko/img/blue-square-bullet.png" version="" mtime="2015-11-23" md5="7612b45d1ebb42acc09834e1562ff8f4"/><item name="var/templates/gnujiko/img/comment-bg.png" version="" mtime="2015-01-27" md5="a90fcbd8269cf14b938e175279c5f215"/><item name="var/templates/gnujiko/img/dropdown.png" version="" mtime="2015-02-12" md5="08f5a49a44738434fcb78c418296e9ff"/><item name="var/templates/gnujiko/img/search-icon-gray.png" version="" mtime="2015-03-07" md5="976aa52408b3b3750baed65b7d8d71f6"/><item name="var/templates/gnujiko/img/search-icon-white.png" version="" mtime="2015-01-21" md5="a3d331cc34e161a89d7afdbdff6945fe"/><item name="var/templates/gnujiko/img/small-logo.png" version="" mtime="2014-12-11" md5="ab664434a1de5e40bda7e227da15cae4"/><item name="var/templates/gnujiko/img/widget-button-close.png" version="" mtime="2015-01-22" md5="4c0ff13807875202b374104ba4af8b0a"/><item name="var/templates/gnujiko/objects/attachments/glattachments.css" version="" mtime="2015-12-03" md5="af858e5ef197241d3fa9da316bd94a91"/><item name="var/templates/gnujiko/objects/attachments/glattachments.js" version="2.2beta" mtime="2017-07-24" md5="6a50ffe7f786cf77665e0c05fff86cda"/><item name="var/templates/gnujiko/objects/attachments/index.php" version="" mtime="2015-12-03" md5="406f7942271be4c879bb3acdb28ae73d"/><item name="var/templates/gnujiko/objects/attachments/img/download.png" version="" mtime="2010-02-04" md5="c0bab332379d38c026b776a94ac00cb4"/><item name="var/templates/gnujiko/objects/attachments/img/edit.png" version="" mtime="2010-02-04" md5="cf1f92e7d349435e067ce46a39f45f31"/><item name="var/templates/gnujiko/objects/attachments/img/trash.png" version="" mtime="2010-02-04" md5="df0a1c218980ae2b145f72f68f64cefe"/><item name="var/templates/gnujiko/objects/contactsearch/contactsearch.css" version="" mtime="2017-09-10" md5="56eaacd73c8e9f840102674547f16664"/><item name="var/templates/gnujiko/objects/contactsearch/contactsearch.js" version="2.4beta" mtime="2017-09-10" md5="5dab14a7eb089904cacd43a98fafd055"/><item name="var/templates/gnujiko/objects/contactsearch/index.php" version="" mtime="2015-09-11" md5="f35776d7cfcf77d976a9bf6823fee4d3"/><item name="var/templates/gnujiko/objects/contactsearch/img/repeat-query.png" version="" mtime="2014-01-25" md5="da91df5ff6e3308c1c23ba213b1ef3f0"/><item name="var/templates/gnujiko/objects/contactsearch/img/search-opt.png" version="" mtime="2014-01-25" md5="92cca7815fdca4fe48e982cf5c1f91d7"/><item name="var/templates/gnujiko/objects/contactsearch/img/user-details.png" version="" mtime="2014-01-24" md5="27a6537da87318a62c753ddbaf216f0b"/><item name="var/templates/gnujiko/objects/serp/index.php" version="2.1beta" mtime="2017-10-15" md5="d55da425a4c59f2c1e1ab467d025a573"/><item name="var/templates/gnujiko/objects/serp/serp.css" version="" mtime="2014-01-12" md5="a4abdfa9b2a5d6d73e312236e0a116b1"/><item name="var/templates/gnujiko/objects/serp/serp.js" version="2.1beta" mtime="2017-05-04" md5="ad9d03baa3718a560ffc613e1e749fd5"/><item name="var/templates/gnujiko/styles/applications/default.css" version="" mtime="2017-09-10" md5="7dec00a9234feacbbb67f76e3afa69e6"/><item name="var/templates/gnujiko/styles/widgets/default.css" version="" mtime="2017-09-27" md5="2be02dcad4de06154e9456ffb2f592e3"/><item name="var/templates/gnujiko/styles/widgets/img/footer-menu-separator.png" version="" mtime="2015-01-22" md5="7034acbdaba1633585077112d4d168f0"/><item name="var/layers/applicationmenu/img/logout.png" version="" mtime="2017-04-13" md5="7b898337ccfd9eb12a6a695a5910397a"/><item name="var/templates/gnujiko/header.php" version="2.1beta" mtime="2017-10-15" md5="13f409e297121fdde28c8efaa8eeda87"/><item name="var/templates/gnujiko/toolbar.php" version="2.0beta" mtime="2017-10-15" md5="e2d218f6c345eff7101dcf0225ffd789"/><item name="var/templates/gnujiko/img/sortasc.png" version="" mtime="2013-11-23" md5="96e31d816904cacb8fe5bc2a98842be2"/><item name="var/templates/gnujiko/img/sortdesc.png" version="" mtime="2013-11-23" md5="a0a79b3fb539b86bc7695f49222b4b69"/><item name="share/widgets/gnujikotemplate/folder-bg/big-folder-black.png" version="" mtime="2017-08-07" md5="a46ad269a7a7cab3c456b4ce2c242b56"/><item name="share/widgets/gnujikotemplate/folder-bg/big-folder-blue.png" version="" mtime="2017-08-07" md5="7b3abf518741b86903ee0870735f2d78"/><item name="share/widgets/gnujikotemplate/folder-bg/big-folder-gray.png" version="" mtime="2017-08-07" md5="cdbc9c7aa3338f72bf6330ba9609a06c"/><item name="share/widgets/gnujikotemplate/folder-bg/big-folder-green.png" version="" mtime="2017-08-07" md5="5fa40e5031ba94969b569be4c01bf403"/><item name="share/widgets/gnujikotemplate/folder-bg/big-folder-lightgray.png" version="" mtime="2017-08-07" md5="5515dabb9ac150afc571d7c64848c490"/><item name="share/widgets/gnujikotemplate/folder-bg/big-folder-pink.png" version="" mtime="2017-08-07" md5="205840f516fde23204df2b19c8c78be2"/><item name="share/widgets/gnujikotemplate/folder-bg/big-folder-red.png" version="" mtime="2017-08-07" md5="e477169d532ff924c91e07a73371013a"/><item name="share/widgets/gnujikotemplate/folder-bg/big-folder-sky.png" version="" mtime="2017-08-07" md5="1e1d6212aad387903b6b111772022aab"/><item name="share/widgets/gnujikotemplate/folder-bg/big-folder-violet.png" version="" mtime="2017-08-07" md5="c6b32155c0571efa05e5b0a87e24c016"/><item name="share/widgets/gnujikotemplate/folder-bg/big-folder-yellow.png" version="" mtime="2017-08-07" md5="3f0e1c7a2a9b5f41e241ae1ff3c81239"/><item name="share/widgets/gnujikotemplate/folder-bg/folder-blue.png" version="" mtime="2017-08-07" md5="f03c2d56f810d19d17f9bc4e5f0da86c"/><item name="share/widgets/gnujikotemplate/folder-bg/folder-gray.png" version="" mtime="2017-08-07" md5="321fdc005fc3902af3782dcdf372adcb"/><item name="share/widgets/gnujikotemplate/folder-bg/folder-green.png" version="" mtime="2017-08-07" md5="e5ae6952fe269733a3aa5ffbe00179a2"/><item name="share/widgets/gnujikotemplate/folder-bg/folder-sky.png" version="" mtime="2017-08-07" md5="363860bb7afdc0a92704069fc55559ab"/><item name="share/widgets/gnujikotemplate/folder-bg/folder-violet.png" version="" mtime="2017-08-07" md5="7081b4cf6893a5880a8ac434904bcb96"/><item name="share/widgets/gnujikotemplate/img/bigroundloading.gif" version="" mtime="2016-05-23" md5="d8b2ed4421200d53ce1d5733d25ce515"/><item name="share/widgets/gnujikotemplate/img/dir-up.png" version="" mtime="2017-08-07" md5="c1da0d93108983dd284130366026798a"/><item name="share/widgets/gnujikotemplate/img/focus-off.png" version="" mtime="2015-01-23" md5="ff14b2a27934a887823eabb6fcd8f15f"/><item name="share/widgets/gnujikotemplate/img/focus-on.png" version="" mtime="2015-01-23" md5="75d839ed68d841869ebcd2e246ffa29c"/><item name="share/widgets/gnujikotemplate/img/ok.png" version="" mtime="2015-02-03" md5="74f7903b97f4dd3c86095b773fdef881"/><item name="share/widgets/gnujikotemplate/round-buttons/add-blue.png" version="" mtime="2017-08-07" md5="c7a2dcb58ec38ff618c6ef5bdf23144b"/><item name="var/templates/gnujiko/icons/zoom-in.png" version="" mtime="2017-08-07" md5="712d35eabb2f51de10ebd95d4d43cd0b"/><item name="var/templates/gnujiko/icons/zoom-out.png" version="" mtime="2017-08-07" md5="a1daa7428825a5093b8db137f68f93f8"/><item name="share/widgets/gnujikotemplate/dynarc-catselect.css" version="" mtime="2017-09-03" md5="71632c242f6d26b9f48d3812a01717ce"/><item name="share/widgets/gnujikotemplate/dynarc-catselect.js" version="2.0beta" mtime="2017-08-20" md5="45e81941ba1b01095cc8b4ce76de3d2e"/><item name="share/widgets/gnujikotemplate/dynarc.catselect.php" version="2.0beta" mtime="2017-08-20" md5="430a9d7bc52cbbc5a2ff8db4bd1e5970"/><item name="var/templates/gnujiko/extendedtable.php" version="2.2beta" mtime="2018-01-15" md5="b182ceb0c582e1fd594fa3b44f41ce7f"/></xml>