<xml><item name="Products/index.php" version="2.22beta" mtime="2017-06-05" md5="a9ab211eff55e50ee58e138cad9ddd75"/><item name="Products/trash.php" version="2.4beta" mtime="2016-06-26" md5="ce45d9a8f4c4f997694b828aa18bb751"/><item name="Products/config.php" version="" mtime="2016-07-19" md5="8dbc2bb4ab83f3c463e5b90e02ec05ab"/><item name="Products/img/transp-basket-publish.png" version="" mtime="2016-07-30" md5="8616c3d5ad12c63e286bda2952bb11b4"/><item name="Products/common.css" version="" mtime="2016-07-30" md5="d1245b187fd2cd578000ac36f7d8b17a"/><item name="etc/dynarc/archive_funcs/__gmart/index.php" version="2.5beta" mtime="2016-08-17" md5="1e9b465682ecaafa19090055e2348dfb"/><item name="share/widgets/gmart/edit-cat.css" version="" mtime="2016-12-22" md5="2655b89be3f50b7238cc0765ca5d0edc"/><item name="share/widgets/gmart/edit.cat.php" version="2.5beta" mtime="2016-12-23" md5="738135362288a2614e3caa78b2a6bbc3"/><item name="etc/dynarc/extensions/gmart/index.php" version="2.10beta" mtime="2017-04-29" md5="7bac11f8fbe45026ed1a28671a76734d"/><item name="gsh/gmart.php" version="2.7beta" mtime="2016-11-26" md5="68347d22c5eb68a7af06da87ebc069b8"/><item name="share/widgets/gmart/edit.item.php" version="2.27beta" mtime="2017-04-02" md5="599ed8ccd0ae4c625a585ee1f3c58d01"/><item name="share/widgets/gmart/list-view.php" version="2.6beta" mtime="2016-12-04" md5="23e55de8a6cfc88c9f86c9bde1766fbb"/><item name="share/widgets/gmart/product-finder.php" version="2.5beta" mtime="2016-11-20" md5="b1cc6434d70b729a92f54e61e1cd2688"/><item name="Products/catalogchoice.php" version="2.3beta" mtime="2017-04-29" md5="c9debca8511c61ceff9b32300515a39e"/></xml>