<xml><item name="include/filesfunc.php" version="2.6beta" mtime="2016-07-25" md5="20a6a31bdf7636f1cd16bf07afcc3159"/><item name="gshell_httprequest.php" version="2.7beta" mtime="2017-06-03" md5="b476c15967333595a20158d9e6beb754"/><item name="index.php" version="2.1beta" mtime="2016-10-03" md5="e069b1a77809d5cb9bcf2fec6c8a791b"/><item name="gsh/system.php" version="2.27beta" mtime="2016-12-04" md5="cd549a53b6830173e2c92273337206b9"/><item name="include/session.php" version="2.10beta" mtime="2016-10-03" md5="b59dad62a7f743ee78355f77e621e975"/><item name="gshell.php" version="2.0beta" mtime="2017-06-03" md5="51b75464380a7a94d71bd6afb0962131"/><item name="include/js/gshell.js" version="2.13beta" mtime="2017-06-03" md5="76ed078cd2f5418364ae66ab7e844708"/><item name="include/js/extendedfunc.js" version="2.22beta" mtime="2018-10-13" md5="85360c3a6d2cb05cd2f352444594df98"/><item name="include/extendedfunc.php" version="2.4beta" mtime="2018-07-28" md5="662a631e7315ee40910d77c5127bcc4b"/><item name="include/gshell.php" version="2.14beta" mtime="2018-02-16" md5="b1dbe67e4c4d45558b5ae091ba278004"/></xml>