<xml><item name="GCommercialDocs/docinfo.php" version="2.98beta" mtime="2018-04-08" md5="712524472faff4a7296b2a6830ac2ad6"/><item name="aboutconfig/gcommercialdocs/columnsettings.php" version="2.3beta" mtime="2016-05-31" md5="36e3b17a592cbfad082e3212b4d2ca42"/><item name="etc/dynarc/extensions/cdelements/index.php" version="2.35beta" mtime="2017-12-03" md5="15dffd51fba64d145f2dca1a1f3b0950"/><item name="gsh/commercialdocs.php" version="2.87beta" mtime="2017-05-28" md5="9d7894663db680044458aa186e606ef1"/><item name="GCommercialDocs/index.php" version="2.16beta" mtime="2017-07-04" md5="4ad1a870167ea4b222d17a8a16d10949"/><item name="aboutconfig/gcommercialdocs/alerts.php" version="2.1beta" mtime="2016-05-31" md5="e4982b3786f4d5ba68d3f2142c72257d"/><item name="aboutconfig/gcommercialdocs/causals.php" version="2.1beta" mtime="2016-05-31" md5="273a5ec9e15401bfd55dac783c3f8297"/><item name="aboutconfig/gcommercialdocs/config.php" version="2.2beta" mtime="2016-09-17" md5="a03eb870b8d00e2632379b0e08235ab9"/><item name="aboutconfig/gcommercialdocs/index.php" version="2.13beta" mtime="2017-02-12" md5="f90e58b507312f5c616b7e34b55a46e5"/><item name="etc/contents_parsers/commercialdocs.php" version="2.58beta" mtime="2017-02-28" md5="b29ce0b3dc579bdce36512bfd2453075"/><item name="etc/dynarc/extensions/cdinfo/index.php" version="2.33beta" mtime="2018-04-08" md5="baf4c2bad6973323ef6abe11550be49e"/><item name="aboutconfig/gcommercialdocs/other.php" version="2.0beta" mtime="2016-09-17" md5="06a1a11d7af9efb35277b9ac61f2e498"/><item name="GCommercialDocs/docinfo.css" version="" mtime="2016-09-17" md5="e85ba6dc342b9af8750911d0fb9c4005"/><item name="etc/commercialdocs/config-dist.php" version="2.1beta" mtime="2016-10-02" md5="ab4a0d5e4b6fdef2ac30b0917bf567d4"/><item name="var/layers/commercialdocs/docopt/index.php" version="2.11beta" mtime="2018-11-28" md5="d2437379b7c0cf3f56c540c0a2a5b0cb"/><item name="share/widgets/commercialdocs/downloadstore.php" version="2.8beta" mtime="2016-11-29" md5="62fd9030a430678a7d21b1c72c0d7014"/><item name="var/layers/commercialdocs/docopt/docopt.js" version="2.10beta" mtime="2018-11-28" md5="51bb1d0f957c219031b269abb55f693d"/><item name="etc/excel_parsers/commdocs.php" version="2.0beta" mtime="2016-12-07" md5="cff3a82b0178cdd1f7a4932983b8c082"/><item name="share/widgets/commercialdocs/xmlimport.php" version="2.0beta" mtime="2017-02-12" md5="9877b1df1e76e7008f538f73435b5a5d"/><item name="share/widgets/commercialdocs/print.php" version="2.1beta" mtime="2017-02-24" md5="525a187ac65475e0ba16b5407b5507fb"/><item name="GCommercialDocs/icons/info.png" version="" mtime="2017-04-20" md5="e2e5e2a8ab6ecca1520f2a3ee098e8d5"/><item name="etc/dynarc/archive_funcs/__commercialdocs/index.php" version="2.15beta" mtime="2017-05-28" md5="e00a2d4f0189c4168e6fa77e17c37c40"/></xml>