<xml><item name="Rubrica/index.php" version="2.13beta" mtime="2017-05-23" md5="be92876c5b1f13c078b7b4b549c04297"/><item name="etc/dynarc/extensions/banks/index.php" version="2.6beta" mtime="2016-10-24" md5="bfd8c729de8754f1a7eea2b502c3b2d5"/><item name="etc/contents_parsers/contactinfo.php" version="2.1beta" mtime="2016-09-17" md5="ed9610e24c134e224611a2183ff8d99c"/><item name="etc/dynarc/extensions/contacts/index.php" version="2.9beta" mtime="2017-07-08" md5="c1ddfe44ee48399c76a7deb043d9bfc4"/><item name="etc/dynarc/extensions/references/index.php" version="2.1beta" mtime="2016-10-24" md5="c003e77a0919357fdcba6c8f42c810f8"/><item name="share/widgets/rubrica.edit.php" version="2.35beta" mtime="2019-11-09" md5="8032ff419c5f0f9c6c705e68c6149686"/><item name="share/widgets/rubrica/rubrica.css" version="" mtime="2016-12-17" md5="cb30860f8580ed81762f5eab90d5f855"/><item name="share/widgets/rubrica/rubrica.js" version="2.32beta" mtime="2019-11-09" md5="2fdf18c54a951d56e279fde8e44a4b77"/><item name="share/widgets/rubrica.new.php" version="2.4beta" mtime="2017-12-17" md5="00a160818081818dd076063adfe2c1b8"/><item name="Rubrica/config.php" version="2.6beta" mtime="2017-05-23" md5="6cc83c876a0421a2bd4d983660c0de3c"/><item name="etc/dynarc/extensions/rubricainfo/index.php" version="2.16beta" mtime="2019-11-09" md5="9165fc232d57bf1535b34b1f56ca802f"/></xml>